Time,Speed,Temp,Torque,Battery,Tire_Pressure,Faults
2025-05-22T15:19:49.405174,190.06,124.52,450.25,12.85,28.22,üî• Engine Overheating; ‚ö†Ô∏è Tire Pressure Low; üöó Overspeeding
2025-05-22T15:19:51.407678,30.91,122.09,241.17,12.11,33.9,üî• Engine Overheating
2025-05-22T15:19:53.408367,186.52,77.19,223.38,12.68,31.88,üöó Overspeeding
2025-05-22T15:19:55.409241,28.62,121.64,318.0,12.91,35.91,üî• Engine Overheating
2025-05-22T15:19:57.411943,112.23,114.89,222.93,12.74,33.94,None
2025-05-22T15:19:59.413707,191.67,93.18,441.82,11.99,32.2,üîã Low Battery; üöó Overspeeding
2025-05-22T15:20:01.414416,47.83,96.82,412.81,11.86,34.78,üîã Low Battery
2025-05-22T15:20:03.415429,95.98,120.99,452.61,12.49,35.47,üî• Engine Overheating
2025-05-22T15:20:05.416043,166.75,106.28,481.05,12.16,34.3,None
2025-05-22T15:20:07.419197,106.02,104.14,444.85,11.51,34.09,üîã Low Battery
2025-05-22T15:20:09.424666,164.65,71.21,254.54,11.99,34.53,üîã Low Battery
2025-05-22T15:20:11.425819,34.61,74.36,311.56,12.64,30.9,None
2025-05-22T15:20:13.426504,78.33,118.33,108.57,12.38,35.79,None
2025-05-22T15:20:15.430234,60.3,121.8,127.64,12.42,32.12,üî• Engine Overheating
2025-05-22T15:20:17.431047,122.6,122.42,274.67,11.7,32.36,üî• Engine Overheating; üîã Low Battery
2025-05-22T15:20:19.436183,113.67,98.22,133.9,12.33,34.51,None
2025-05-22T15:20:21.371456,196.31,94.15,258.63,12.68,30.05,üöó Overspeeding
2025-05-22T15:20:23.377089,99.62,105.67,301.8,12.27,34.4,None
2025-05-22T15:20:25.381958,40.23,95.77,437.04,13.09,34.3,None
2025-05-22T15:23:17.287166,50.49,89.7,204.84,12.44,31.99,None
2025-05-22T15:23:19.289928,48.63,89.6,205.46,12.5,31.98,None
2025-05-22T15:23:21.292941,49.32,89.57,209.13,12.37,31.97,None
2025-05-22T15:23:23.294456,50.16,89.36,209.19,12.34,31.96,None
2025-05-22T15:23:25.298761,48.7,89.24,213.61,12.51,31.95,None
2025-05-22T15:23:27.299411,47.18,89.06,206.41,12.27,31.94,None
2025-05-22T15:23:29.304025,47.93,89.56,208.53,12.52,31.93,None
2025-05-22T15:23:31.308397,43.97,88.45,217.91,12.31,31.92,None
2025-05-22T15:23:33.311499,45.4,87.72,217.54,12.34,31.91,None
2025-05-22T15:23:35.317160,46.28,87.32,219.87,12.52,31.9,None
2025-05-22T15:23:37.322827,46.0,87.12,217.84,12.31,31.89,None
2025-05-22T15:23:39.326649,48.33,86.94,218.04,12.32,31.88,None
2025-05-22T15:23:41.328920,47.04,87.16,215.64,12.32,31.87,None
2025-05-22T15:23:43.333764,47.68,87.36,216.12,12.31,31.86,None
2025-05-22T15:23:45.338611,48.31,87.18,218.52,12.43,31.85,None
2025-05-22T15:23:47.342876,45.34,86.9,215.51,12.36,31.84,None
2025-05-22T15:23:57.210065,49.6,89.88,196.05,12.24,31.99,None
2025-05-22T15:23:57.712485,50.55,89.84,192.18,12.31,31.98,None
2025-05-22T15:23:58.214580,53.58,89.85,193.77,12.3,31.97,None
2025-05-22T15:23:58.720272,51.46,89.99,186.66,12.5,31.96,None
2025-05-22T15:23:59.225998,49.4,89.73,186.89,12.35,31.95,None
2025-05-22T15:23:59.730051,47.51,89.95,189.32,12.34,31.94,None
2025-05-22T15:24:00.231406,51.66,90.56,185.37,12.31,31.93,None
2025-05-22T15:24:00.734635,55.57,90.96,191.88,12.46,31.92,None
2025-05-22T15:24:01.237749,58.0,91.17,195.2,12.36,31.91,None
2025-05-22T15:24:01.739902,61.64,91.4,188.2,12.48,31.9,None
2025-05-22T15:24:02.244025,61.74,91.17,190.21,12.31,31.89,None
2025-05-22T15:24:02.745899,61.4,91.08,190.1,12.4,31.88,None
2025-05-22T15:24:03.249257,59.46,91.21,182.53,12.54,31.87,None
2025-05-22T15:24:03.753240,58.27,91.06,178.07,12.32,31.86,None
2025-05-22T15:24:04.258203,60.81,90.18,168.95,12.53,31.85,None
2025-05-22T15:24:04.761913,56.69,89.27,159.47,12.63,31.84,None
2025-05-22T15:24:05.263863,54.78,89.11,161.75,12.52,31.83,None
2025-05-22T15:24:05.769542,55.33,89.04,158.09,12.48,31.82,None
2025-05-22T15:24:06.273468,56.13,89.96,157.26,12.55,31.81,None
2025-05-22T15:24:06.779098,54.97,89.9,154.26,12.56,31.8,None
2025-05-22T15:24:07.281535,57.91,89.9,160.11,12.33,31.79,None
2025-05-22T15:24:07.783250,55.49,90.77,164.28,12.45,31.78,None
2025-05-22T15:24:08.286079,54.25,90.28,162.33,12.44,31.77,None
2025-05-22T15:24:08.791801,56.16,90.59,165.75,12.3,31.76,None
2025-05-22T15:24:09.294105,57.69,90.87,163.65,12.42,31.75,None
2025-05-22T15:24:09.794861,55.9,91.04,159.13,12.38,31.74,None
2025-05-22T15:24:10.299958,55.48,91.12,157.88,12.35,31.73,None
2025-05-22T15:24:10.804253,59.32,91.35,158.55,12.53,31.72,None
2025-05-22T15:24:11.308156,61.08,91.53,158.48,12.4,31.71,None
2025-05-22T15:24:11.811628,64.65,91.27,161.36,12.44,31.7,None
2025-05-22T15:24:12.317259,65.7,91.53,162.03,12.29,31.69,None
2025-05-22T15:24:12.822929,70.16,91.33,167.06,12.47,31.68,None
2025-05-22T15:24:13.328181,69.66,91.31,160.37,12.51,31.67,None
2025-05-22T15:24:13.830361,68.72,91.77,164.83,12.51,31.66,None
2025-05-22T15:24:14.335252,64.71,92.9,156.54,12.25,31.65,None
2025-05-22T15:24:14.837588,63.76,92.56,159.07,12.49,31.64,None
2025-05-22T15:24:15.341805,64.5,92.48,157.99,12.48,31.63,None
2025-05-22T15:24:15.845481,65.27,92.53,159.65,12.63,31.62,None
2025-05-22T15:24:16.346077,63.4,92.27,160.3,12.57,31.61,None
2025-05-22T15:24:16.849598,62.51,92.5,157.05,12.31,31.6,None
2025-05-22T15:24:17.350543,66.64,92.93,157.59,12.24,31.59,None
2025-05-22T15:24:17.853926,65.94,93.09,151.54,12.33,31.58,None
2025-05-22T15:24:18.358175,62.07,92.45,147.14,12.43,31.57,None
2025-05-22T15:24:18.858700,58.17,93.36,148.61,12.4,31.56,None
2025-05-22T15:24:19.361565,56.41,93.26,156.12,12.38,31.55,None
2025-05-22T15:24:19.866961,57.66,92.82,152.64,12.4,31.54,None
2025-05-22T15:24:20.369412,56.39,92.36,155.4,12.33,31.53,None
2025-05-22T15:24:20.871142,53.71,92.15,155.32,12.51,31.52,None
2025-05-22T15:28:27.824753,46.47,90.8,196.68,12.36,31.99,None
2025-05-22T15:28:28.328203,49.12,90.83,200.22,12.3,31.98,None
2025-05-22T15:28:28.833213,50.17,91.28,197.38,12.38,31.97,None
2025-05-22T15:28:29.336397,51.88,91.69,200.16,12.26,31.96,None
2025-05-22T15:28:29.841905,53.17,92.43,203.65,12.49,31.95,None
2025-05-22T15:28:30.347208,55.32,92.56,199.46,12.41,31.94,None
2025-05-22T15:28:30.850947,56.61,92.4,195.05,12.31,31.93,None
2025-05-22T15:28:31.354773,56.96,92.44,202.13,12.27,31.92,None
2025-05-22T15:28:31.857744,54.13,92.31,194.43,12.36,31.91,None
2025-05-22T15:28:32.359413,54.84,92.53,186.67,12.52,31.9,None
2025-05-22T15:28:32.859966,56.7,92.81,186.46,12.54,31.89,None
2025-05-22T15:28:33.360576,52.05,92.24,177.41,12.49,31.88,None
2025-05-22T15:28:33.865364,53.27,92.37,177.91,12.44,31.87,None
2025-05-22T15:28:34.370566,54.19,92.63,173.91,12.29,31.86,None
2025-05-22T15:28:34.875044,53.97,92.38,176.08,12.25,31.85,None
2025-05-22T15:28:35.380311,52.18,92.43,171.22,12.62,31.84,None
2025-05-22T15:28:35.883769,52.9,92.44,163.75,12.52,31.83,None
2025-05-22T15:28:36.389416,52.98,92.14,166.0,12.35,31.82,None
2025-05-22T15:28:36.893882,51.44,92.06,165.66,12.46,31.81,None
2025-05-22T15:28:37.399251,51.01,92.33,162.89,12.29,31.8,None
2025-05-22T15:28:37.904706,49.84,92.23,155.09,12.37,31.79,None
2025-05-22T15:28:38.407320,50.89,92.42,150.8,12.27,31.78,None
2025-05-22T15:28:38.910982,48.94,92.63,155.31,12.53,31.77,None
2025-05-22T15:28:39.414544,48.46,92.75,159.09,12.49,31.76,None
2025-05-22T15:28:39.916889,48.22,93.06,156.07,12.5,31.75,None
2025-05-22T15:28:40.418899,47.66,93.43,152.42,12.45,31.74,None
2025-05-22T15:29:27.169969,52.42,90.25,199.84,12.51,31.99,None
2025-05-22T15:29:27.674637,52.57,90.35,198.27,12.33,31.98,None
2025-05-22T15:29:28.179610,53.99,90.11,201.99,12.27,31.97,None
2025-05-22T15:29:28.685282,51.49,89.1,201.42,12.37,31.96,None
2025-05-22T15:29:29.186546,51.76,88.92,197.35,12.42,31.95,None
2025-05-22T15:29:29.687387,50.2,88.74,204.32,12.33,31.94,None
2025-05-22T15:29:30.191352,49.05,89.27,204.45,12.36,31.93,None
2025-05-22T15:29:30.695401,50.27,88.77,206.64,12.34,31.92,None
2025-05-22T15:29:31.197569,48.65,88.75,200.08,12.47,31.91,None
2025-05-22T15:29:31.701502,50.11,89.05,199.31,12.31,31.9,None
2025-05-22T15:29:32.206256,54.79,88.3,203.44,12.28,31.89,None
2025-05-22T15:29:32.711819,53.13,88.18,198.26,12.4,31.88,None
2025-05-22T15:29:33.216803,53.11,88.18,194.35,12.37,31.87,None
2025-05-22T15:29:33.719353,52.36,87.72,202.95,12.28,31.86,None
2025-05-22T15:29:34.222569,51.97,87.66,201.53,12.3,31.85,None
2025-05-22T15:29:34.726974,52.27,87.23,199.62,12.52,31.84,None
2025-05-22T15:29:35.229408,52.88,87.21,205.71,12.31,31.83,None
2025-05-22T15:29:35.732415,50.57,87.48,202.66,12.37,31.82,None
2025-05-22T15:29:36.238191,50.33,87.27,202.75,12.39,31.81,None
2025-05-22T15:29:36.742003,49.88,88.33,205.02,12.4,31.8,None
2025-05-22T15:29:37.242976,51.18,88.29,207.09,12.38,31.79,None
2025-05-22T15:29:37.745551,51.78,88.47,203.6,12.51,31.78,None
2025-05-22T15:29:38.249004,51.17,88.71,200.81,12.31,31.77,None
2025-05-22T15:29:38.754485,52.59,88.75,205.67,12.31,31.76,None
2025-05-22T15:29:39.260060,56.18,88.23,196.94,12.47,31.75,None
2025-05-22T15:29:39.764962,57.42,88.57,201.53,12.33,31.74,None
2025-05-22T15:29:40.266312,59.22,88.62,202.29,12.53,31.73,None
2025-05-22T15:29:40.769414,57.86,88.85,203.8,12.64,31.72,None
2025-05-22T15:29:41.270214,60.77,90.0,194.61,12.32,31.71,None
2025-05-22T15:29:41.774065,62.53,89.23,202.11,12.44,31.7,None
2025-05-22T15:29:42.277688,58.92,89.9,198.69,12.3,31.69,None
2025-05-22T15:29:47.223798,51.3,89.83,201.61,12.45,31.99,None
2025-05-22T15:29:47.726485,50.13,90.99,203.82,12.38,31.98,None
2025-05-22T15:29:48.229836,50.65,91.25,199.59,12.38,31.97,None
2025-05-22T15:29:48.735581,51.08,90.9,207.45,12.34,31.96,None
2025-05-22T15:29:49.236575,52.28,90.86,204.67,12.31,31.95,None
2025-05-22T15:29:49.741722,53.14,90.67,211.42,12.43,31.94,None
2025-05-22T15:29:50.242985,55.29,91.26,206.92,12.28,31.93,None
2025-05-22T15:29:50.744526,56.39,91.59,202.74,12.36,31.92,None
2025-05-22T15:29:51.246173,54.69,91.51,205.6,12.39,31.91,None
2025-05-22T15:29:51.750537,50.98,92.49,208.69,12.21,31.9,None
2025-05-22T15:29:52.253330,48.89,93.32,206.53,12.26,31.89,None
2025-05-22T15:29:52.755991,51.02,92.94,202.93,12.5,31.88,None
2025-05-22T15:29:53.260807,49.52,92.81,197.8,12.51,31.87,None
2025-05-22T15:29:53.765196,48.75,93.03,192.87,12.53,31.86,None
2025-05-22T15:29:54.270002,43.97,92.12,201.27,12.4,31.85,None
2025-05-22T15:29:54.770930,43.0,92.61,204.03,12.5,31.84,None
2025-05-22T15:29:55.271704,43.95,92.68,196.26,12.47,31.83,None
2025-05-22T15:29:55.777238,44.67,93.27,186.79,12.32,31.82,None
2025-05-22T15:29:56.278777,43.59,93.23,187.58,12.33,31.81,None
2025-05-22T15:29:56.782286,48.53,92.2,181.54,12.45,31.8,None
2025-05-22T15:29:57.287400,51.18,92.66,179.91,12.34,31.79,None
2025-05-22T15:29:57.789215,52.35,93.85,185.86,12.41,31.78,None
2025-05-22T15:29:58.293568,50.05,93.68,186.3,12.36,31.77,None
2025-05-22T15:29:58.798318,48.35,93.21,182.41,12.27,31.76,None
2025-05-22T15:29:59.298745,49.22,93.26,187.75,12.41,31.75,None
2025-05-22T15:29:59.800233,50.79,93.4,192.72,12.59,31.74,None
2025-05-22T15:30:00.304901,53.66,93.21,191.69,12.4,31.73,None
2025-05-22T15:30:00.805468,51.26,93.71,192.01,12.26,31.72,None
2025-05-22T15:30:01.310372,52.58,93.68,193.84,12.44,31.71,None
2025-05-22T15:30:01.815415,54.16,93.56,191.65,12.5,31.7,None
2025-05-22T15:30:02.318976,51.89,93.3,185.3,12.41,31.69,None
2025-05-22T15:30:02.822316,52.44,92.22,191.16,12.73,31.68,None
2025-05-22T15:30:03.327750,51.79,92.35,192.95,12.48,31.67,None
2025-05-22T15:30:03.829984,49.87,91.99,196.12,12.54,31.66,None
2025-05-22T15:30:04.332712,51.7,91.8,196.91,12.41,31.65,None
2025-05-22T15:30:45.080928,97.96,109.43,272.73,12.38,28.99,‚ö†Ô∏è Tire Pressure Low
2025-05-22T15:30:45.581597,97.99,109.3,276.46,12.5,28.98,‚ö†Ô∏è Tire Pressure Low
2025-05-22T15:30:46.085224,99.82,109.18,273.2,12.45,28.97,‚ö†Ô∏è Tire Pressure Low
2025-05-22T15:30:46.587266,101.12,109.38,269.33,12.47,28.96,‚ö†Ô∏è Tire Pressure Low
2025-05-22T15:30:47.089722,99.93,109.17,267.44,12.24,28.95,‚ö†Ô∏è Tire Pressure Low
2025-05-22T15:30:47.595045,95.34,110.27,257.66,12.39,28.94,‚ö†Ô∏è Tire Pressure Low
2025-05-22T15:30:48.099309,95.91,110.48,253.62,12.38,28.93,‚ö†Ô∏è Tire Pressure Low
2025-05-22T15:30:48.601595,97.82,110.79,255.63,12.47,28.92,‚ö†Ô∏è Tire Pressure Low
2025-05-22T15:30:49.107169,101.4,111.95,254.35,12.45,28.91,‚ö†Ô∏è Tire Pressure Low
2025-05-22T15:30:49.611710,102.8,111.65,247.56,12.41,28.9,‚ö†Ô∏è Tire Pressure Low
2025-05-22T15:30:50.117612,100.77,112.28,248.02,12.5,28.89,‚ö†Ô∏è Tire Pressure Low
2025-05-22T15:30:50.623216,101.94,111.12,253.44,12.41,28.88,‚ö†Ô∏è Tire Pressure Low
2025-05-22T15:30:51.127892,104.77,111.57,246.05,12.55,28.87,‚ö†Ô∏è Tire Pressure Low
2025-05-22T15:30:51.631463,102.78,112.46,250.68,12.3,28.86,‚ö†Ô∏è Tire Pressure Low
2025-05-22T15:30:52.134038,101.41,112.52,249.29,12.39,28.85,‚ö†Ô∏è Tire Pressure Low
2025-05-22T15:30:52.638202,103.9,112.23,242.75,12.46,28.84,‚ö†Ô∏è Tire Pressure Low
2025-05-22T15:30:53.142040,105.99,111.19,237.24,12.21,28.83,‚ö†Ô∏è Tire Pressure Low
2025-05-22T15:30:53.646116,107.41,111.66,239.31,12.31,28.82,‚ö†Ô∏è Tire Pressure Low
2025-05-22T15:30:54.150495,106.91,111.68,245.94,12.54,28.81,‚ö†Ô∏è Tire Pressure Low
2025-05-22T15:30:54.654205,106.89,111.51,240.15,12.3,28.8,‚ö†Ô∏è Tire Pressure Low
2025-05-22T15:30:55.158158,104.77,111.66,244.32,12.54,28.79,‚ö†Ô∏è Tire Pressure Low
2025-05-22T15:30:55.659061,103.9,111.58,245.65,12.61,28.78,‚ö†Ô∏è Tire Pressure Low
2025-05-22T15:30:56.163433,104.01,111.47,243.73,12.4,28.77,‚ö†Ô∏è Tire Pressure Low
2025-05-22T15:30:56.669124,106.86,111.4,235.08,12.34,28.76,‚ö†Ô∏è Tire Pressure Low
2025-05-22T15:30:57.174086,105.88,111.63,232.05,12.5,28.75,‚ö†Ô∏è Tire Pressure Low
2025-05-22T15:30:57.678397,105.65,111.45,233.49,12.4,28.74,‚ö†Ô∏è Tire Pressure Low
2025-05-22T15:30:58.183681,103.96,111.18,241.02,12.44,28.73,‚ö†Ô∏è Tire Pressure Low
2025-05-22T15:30:58.684614,103.37,111.34,241.45,12.37,28.72,‚ö†Ô∏è Tire Pressure Low
2025-05-22T15:30:59.185897,99.67,110.32,233.78,12.38,28.71,‚ö†Ô∏è Tire Pressure Low
2025-05-22T15:30:59.690421,96.08,111.49,231.63,12.33,28.7,‚ö†Ô∏è Tire Pressure Low
2025-05-22T15:31:00.194827,93.76,111.56,230.89,12.39,28.69,‚ö†Ô∏è Tire Pressure Low
2025-05-22T15:31:00.695257,96.58,111.38,238.81,12.58,28.68,‚ö†Ô∏è Tire Pressure Low
2025-05-22T15:31:01.196011,94.4,111.46,243.64,12.32,28.67,‚ö†Ô∏è Tire Pressure Low
2025-05-22T15:31:01.700308,95.55,112.37,242.14,12.59,28.66,‚ö†Ô∏è Tire Pressure Low
2025-05-22T15:31:02.204347,92.71,112.41,246.14,12.42,28.65,‚ö†Ô∏è Tire Pressure Low
2025-05-22T15:31:08.129880,99.28,109.63,278.31,12.47,31.99,None
2025-05-22T15:31:08.631475,95.13,108.76,284.41,12.46,31.98,None
2025-05-22T15:31:09.134963,94.73,109.95,279.99,12.4,31.97,None
2025-05-22T15:31:09.636043,90.78,109.41,277.95,12.31,31.96,None
2025-05-22T15:31:10.140991,90.95,109.54,276.12,12.25,31.95,None
2025-05-22T15:31:10.645021,92.39,109.48,280.21,12.33,31.94,None
2025-05-22T15:31:11.149870,90.11,108.94,273.27,12.46,31.93,None
2025-05-22T15:31:11.650730,90.28,109.38,272.44,12.38,31.92,None
2025-05-22T15:31:12.155830,92.33,109.29,266.47,12.21,31.91,None
2025-05-22T15:31:12.660222,94.26,109.17,270.73,12.31,31.9,None
2025-05-22T15:31:13.161733,97.35,108.13,275.38,12.37,31.89,None
2025-05-22T15:31:13.666507,98.93,108.58,274.46,12.43,31.88,None
2025-05-22T15:31:14.170528,100.31,108.19,270.64,12.34,31.87,None
2025-05-22T15:31:14.676152,99.29,108.05,266.29,12.36,31.86,None
2025-05-22T15:31:15.177604,99.12,107.16,264.27,12.27,31.85,None
2025-05-22T15:31:15.681565,98.32,108.16,270.13,12.49,31.84,None
2025-05-22T15:31:16.182792,100.06,108.15,265.96,12.35,31.83,None
2025-05-22T15:31:16.688034,98.81,108.25,261.83,12.47,31.82,None
2025-05-22T15:31:17.193601,100.2,109.17,261.65,12.42,31.81,None
2025-05-22T15:31:17.694825,101.21,109.18,268.29,12.34,31.8,None
2025-05-22T15:31:18.197129,101.83,109.22,267.25,12.28,31.79,None
2025-05-22T15:31:18.700716,104.16,110.14,272.52,12.37,31.78,None
2025-05-22T15:31:19.203973,104.51,109.76,267.76,12.34,31.77,None
2025-05-22T15:31:19.706479,105.35,109.59,263.27,12.29,31.76,None
2025-05-22T15:31:20.210714,104.62,109.79,260.29,12.5,31.75,None
2025-05-22T15:31:20.711486,105.16,110.8,268.89,12.4,31.74,None
2025-05-22T15:31:21.213696,104.42,110.52,266.51,12.09,31.73,None
2025-05-22T15:31:21.718700,103.01,110.69,265.43,12.44,31.72,None
2025-05-22T15:31:22.221694,101.66,111.39,268.45,12.58,31.71,None
2025-05-22T15:31:22.724662,99.78,111.24,273.52,12.28,31.7,None
2025-05-22T15:31:23.229887,101.34,110.78,276.07,12.2,31.69,None
2025-05-22T15:31:23.733035,99.68,110.89,273.54,12.42,31.68,None
2025-05-22T15:31:24.237497,98.62,111.15,277.66,12.31,31.67,None
2025-05-22T15:31:24.742145,100.24,111.39,275.9,12.44,31.66,None
2025-05-22T15:31:25.244879,98.86,111.63,280.86,12.41,31.65,None
2025-05-22T15:31:25.747595,101.91,111.21,283.11,12.43,31.64,None
2025-05-22T15:31:26.251462,99.39,110.99,288.72,12.57,31.63,None
2025-05-22T15:31:26.754784,101.76,111.12,294.18,12.43,31.62,None
2025-05-22T15:31:27.258654,101.95,111.01,301.9,12.36,31.61,None
2025-05-22T15:31:27.761034,100.95,111.06,309.64,12.2,31.6,None
2025-05-22T15:31:28.263038,99.09,110.97,306.49,12.42,31.59,None
2025-05-22T15:31:28.765605,97.45,111.19,303.26,12.52,31.58,None
2025-05-22T15:31:29.266170,99.14,111.66,300.04,12.43,31.57,None
2025-05-22T15:31:29.767366,99.16,111.88,297.73,12.38,31.56,None
2025-05-22T15:31:30.270705,99.65,112.34,300.07,12.29,31.55,None
2025-05-22T15:31:30.775033,95.53,112.63,305.35,12.45,31.54,None
2025-05-22T15:31:31.278470,97.93,112.85,296.35,12.4,31.53,None
2025-05-22T15:31:31.783145,100.11,111.88,303.32,12.51,31.52,None
2025-05-22T15:31:32.286389,99.04,111.71,300.97,12.43,31.51,None
2025-05-22T15:31:32.790927,98.34,111.8,297.81,12.34,31.5,None
2025-05-22T15:31:33.294798,94.0,112.06,293.34,12.38,31.49,None
2025-05-22T15:31:33.797143,95.51,112.0,291.55,12.27,31.48,None
2025-05-22T15:31:34.298765,97.34,112.01,288.86,12.44,31.47,None
2025-05-22T15:31:34.800037,97.27,111.7,284.75,12.41,31.46,None
2025-05-22T15:31:35.303676,96.68,111.94,277.69,12.36,31.45,None
2025-05-22T15:31:35.808654,93.61,112.7,268.99,12.57,31.44,None
2025-05-22T15:31:36.311272,93.31,113.26,275.31,12.24,31.43,None
2025-05-22T15:31:36.816326,95.88,112.68,276.26,12.36,31.42,None
2025-05-22T15:31:37.319923,100.69,112.75,277.89,12.51,31.41,None
2025-05-22T15:31:37.822797,101.7,112.33,274.2,12.28,31.4,None
2025-05-22T15:31:38.327410,98.92,112.31,271.25,12.41,31.39,None
2025-05-22T15:31:38.828657,96.83,112.49,269.51,12.43,31.38,None
2025-05-22T15:31:39.333563,98.98,112.29,269.19,12.41,31.37,None
2025-05-22T15:31:39.835397,98.56,112.03,269.12,12.39,31.36,None
2025-05-22T15:31:40.340320,97.83,112.29,267.8,12.44,31.35,None
2025-05-22T15:31:40.845034,100.01,112.76,269.07,12.26,31.34,None
2025-05-22T15:31:41.346396,97.42,112.58,269.79,12.5,31.33,None
2025-05-22T15:31:41.846944,94.87,112.87,266.69,12.48,31.32,None
2025-05-22T15:31:42.351479,93.54,112.82,273.46,12.4,31.31,None
2025-05-22T15:31:42.853281,95.21,113.25,275.83,12.48,31.3,None
2025-05-22T15:31:43.357970,90.27,113.16,285.34,12.39,31.29,None
2025-05-22T15:31:46.647073,103.64,109.52,278.42,12.4,31.99,None
2025-05-22T15:31:47.152661,92.36,107.44,280.6,12.57,31.98,None
2025-05-22T15:31:47.657347,83.38,107.52,279.84,12.45,31.97,None
2025-05-22T15:31:48.162795,84.72,107.36,272.84,12.49,31.96,None
2025-05-22T15:31:48.668088,84.22,107.63,269.91,12.24,31.95,None
2025-05-22T15:31:49.170165,86.83,107.51,274.15,12.5,31.94,None
2025-05-22T15:31:49.674362,88.44,107.77,273.84,12.29,31.93,None
2025-05-22T15:31:50.177432,85.96,107.75,272.1,12.53,31.92,None
2025-05-22T15:31:50.678306,84.49,107.29,271.12,12.48,31.91,None
2025-05-22T15:31:51.182053,85.24,107.77,273.39,12.38,31.9,None
2025-05-22T15:31:51.683974,79.18,107.69,274.28,12.47,31.89,None
2025-05-22T15:31:52.189228,85.13,107.5,273.08,12.5,31.88,None
2025-05-22T15:31:52.694976,85.87,107.38,270.02,12.34,31.87,None
2025-05-22T15:31:53.197774,83.24,107.63,266.29,12.28,31.86,None
2025-05-22T15:31:53.702696,72.57,105.19,286.17,12.42,31.85,None
2025-05-22T15:31:54.207294,73.41,105.45,285.37,12.41,31.84,None
2025-05-22T15:31:54.711692,58.87,103.63,270.07,12.33,31.83,None
2025-05-22T15:31:55.216179,60.84,103.77,276.59,12.42,31.82,None
2025-05-22T15:31:55.719875,58.8,107.93,261.95,12.45,31.81,None
2025-05-22T15:31:56.220936,42.47,108.66,246.36,12.27,31.8,None
2025-05-22T15:31:56.725355,41.98,108.9,240.69,12.33,31.79,None
2025-05-22T15:31:57.228269,41.7,109.15,244.95,12.51,31.78,None
2025-05-22T15:31:57.732040,70.6,106.26,244.69,12.39,31.77,None
2025-05-22T15:31:58.237196,73.14,106.44,246.47,12.58,31.76,None
2025-05-22T15:31:58.742182,74.85,106.19,247.79,12.45,31.75,None
2025-05-22T15:31:59.246903,76.22,106.3,245.1,12.39,31.74,None
2025-05-22T15:31:59.752618,75.89,106.01,245.16,12.51,31.73,None
2025-05-22T15:32:00.253121,63.93,107.05,227.2,12.32,31.72,None
2025-05-22T15:32:00.756648,70.38,110.02,220.16,12.47,31.71,None
2025-05-22T15:32:01.261127,67.87,109.83,212.62,12.5,31.7,None
2025-05-22T15:32:01.782090,93.01,106.86,197.3,12.42,31.69,None
2025-05-22T15:32:02.287044,84.31,106.88,202.23,12.39,31.68,None
2025-05-22T15:32:02.792705,77.69,106.6,218.49,12.46,31.67,None
2025-05-22T15:32:03.294150,61.99,105.39,234.47,12.4,31.66,None
2025-05-22T15:32:03.796719,61.41,105.58,241.45,12.4,31.65,None
2025-05-22T15:32:04.300825,54.23,105.71,238.79,12.32,31.64,None
2025-05-22T15:32:04.801656,56.81,105.46,239.02,12.29,31.63,None
2025-05-22T15:32:05.302195,48.32,104.97,239.56,12.53,31.62,None
2025-05-22T15:32:05.803110,46.48,104.97,232.11,12.28,31.61,None
2025-05-22T15:33:48.299086,52.42,109.6,252.19,12.52,31.99,None
2025-05-22T15:33:48.804845,55.44,109.67,258.1,12.32,31.98,None
2025-05-22T15:33:49.309134,65.12,109.03,253.48,12.29,31.97,None
2025-05-22T15:33:49.810469,63.12,108.52,247.15,12.46,31.96,None
2025-05-22T15:33:50.316197,63.6,108.16,241.78,12.36,31.95,None
2025-05-22T15:33:50.816977,61.77,107.61,251.95,12.38,31.94,None
2025-05-22T15:33:51.322713,56.97,107.12,252.95,12.38,31.93,None
2025-05-22T15:33:51.825580,61.98,106.53,256.28,12.41,31.92,None
2025-05-22T15:33:52.329620,66.76,105.8,256.06,12.46,31.91,None
2025-05-22T15:33:52.832338,57.11,105.36,254.94,12.34,31.9,None
2025-05-22T15:33:53.336349,59.88,104.61,259.49,12.3,31.89,None
2025-05-22T15:33:53.838739,58.91,103.83,254.6,12.35,31.88,None
2025-05-22T15:33:54.341184,59.69,103.11,258.38,12.37,31.87,None
2025-05-22T15:33:54.844727,57.61,103.2,256.24,12.47,31.86,None
2025-05-22T15:33:55.348733,66.98,102.71,257.09,12.47,31.85,None
2025-05-22T15:33:55.852747,64.1,101.84,259.88,12.46,31.84,None
2025-05-22T15:33:56.353984,62.44,102.02,265.89,12.49,31.83,None
2025-05-22T15:33:56.858195,62.72,102.34,275.72,12.42,31.82,None
2025-05-22T15:33:57.363279,71.38,101.93,274.85,12.28,31.81,None
2025-05-22T15:33:57.865686,72.22,101.4,274.21,12.4,31.8,None
2025-05-22T15:33:58.370354,70.86,101.86,279.12,12.42,31.79,None
2025-05-22T15:33:58.873896,75.15,101.8,278.71,12.35,31.78,None
2025-05-22T15:33:59.375162,80.73,101.28,281.01,12.45,31.77,None
2025-05-22T15:33:59.878247,87.07,100.89,283.4,12.43,31.76,None
2025-05-22T15:34:00.383311,82.64,100.34,286.18,12.35,31.75,None
2025-05-22T15:34:00.888869,77.7,99.74,283.33,12.32,31.74,None
2025-05-22T15:34:01.390651,79.77,99.34,288.21,12.49,31.73,None
2025-05-22T15:34:01.895435,76.43,99.32,292.33,12.3,31.72,None
2025-05-22T15:34:02.396158,71.94,98.69,297.52,12.52,31.71,None
2025-05-22T15:34:02.901146,73.08,98.76,290.33,12.44,31.7,None
2025-05-22T15:34:03.403479,77.25,98.17,302.54,12.37,31.69,None
2025-05-22T15:34:05.934915,53.93,89.98,262.75,12.27,31.99,None
2025-05-22T15:34:06.440221,57.02,89.72,270.09,12.56,31.98,None
2025-05-22T15:34:06.945279,60.5,90.11,273.81,12.36,31.97,None
2025-05-22T15:34:07.446277,58.9,90.58,282.13,12.36,31.96,None
2025-05-22T15:34:07.950116,58.75,90.26,284.75,12.44,31.95,None
2025-05-22T15:34:08.452160,66.89,89.78,286.3,12.2,31.94,None
2025-05-22T15:34:08.957895,63.78,89.53,294.67,12.36,31.93,None
2025-05-22T15:34:09.462393,56.3,89.55,296.37,12.34,31.92,None
2025-05-22T15:34:09.967359,62.83,89.43,299.54,12.4,31.91,None
2025-05-22T15:34:10.468690,65.54,89.45,303.19,12.36,31.9,None
2025-05-22T15:34:10.974334,69.83,89.07,314.73,12.35,31.89,None
2025-05-22T15:34:11.475130,69.1,88.99,306.99,12.23,31.88,None
2025-05-22T15:34:11.977580,73.42,89.84,305.34,12.49,31.87,None
2025-05-22T15:34:12.479595,67.73,89.71,303.74,12.34,31.86,None
2025-05-22T15:34:12.984742,65.73,89.35,304.34,12.37,31.85,None
2025-05-22T15:34:13.489359,67.49,89.72,296.94,12.24,31.84,None
2025-05-22T15:34:13.995024,67.55,89.5,294.97,12.44,31.83,None
2025-05-22T15:34:14.500893,71.22,89.68,285.46,12.31,31.82,None
2025-05-22T15:34:15.003395,69.16,89.26,284.42,12.48,31.81,None
2025-05-22T15:34:15.508373,68.29,89.78,286.56,12.3,31.8,None
2025-05-22T15:34:16.011719,59.71,89.85,283.65,12.31,31.79,None
2025-05-22T15:34:16.516890,66.58,89.87,281.48,12.63,31.78,None
2025-05-22T15:34:17.020952,66.25,89.83,274.04,12.51,31.77,None
2025-05-22T15:34:17.526669,60.11,89.74,271.19,12.61,31.76,None
2025-05-22T15:34:18.028420,56.48,90.19,272.05,12.14,31.75,None
2025-05-22T15:34:18.532863,53.53,89.83,269.23,12.54,31.74,None
2025-05-22T15:34:19.036807,54.14,89.59,263.59,12.26,31.73,None
2025-05-22T15:34:19.541117,54.69,89.59,265.14,12.25,31.72,None
2025-05-22T15:34:20.045040,63.65,89.25,268.05,12.32,31.71,None
2025-05-22T15:34:20.546128,67.36,88.97,265.0,12.49,31.7,None
2025-05-22T15:34:21.050233,65.64,88.48,262.35,12.44,31.69,None
2025-05-22T15:34:21.551252,61.56,88.1,258.12,12.55,31.68,None
2025-05-22T15:34:22.053283,65.19,87.97,265.11,12.35,31.67,None
2025-05-22T15:34:22.554007,56.71,87.91,261.73,12.27,31.66,None
2025-05-22T15:34:23.056623,58.57,87.67,255.55,12.6,31.65,None
2025-05-22T15:34:23.561567,64.26,87.64,256.06,12.31,31.64,None
2025-05-22T15:34:24.067208,63.34,87.33,251.92,12.44,31.63,None
2025-05-22T15:34:24.568127,60.28,87.23,256.55,12.54,31.62,None
2025-05-22T15:34:25.070105,61.9,87.73,257.51,12.46,31.61,None
2025-05-22T15:34:25.571089,52.43,87.6,258.82,12.41,31.6,None
2025-05-22T15:34:26.076644,56.78,87.33,271.64,12.47,31.59,None
2025-05-22T15:34:26.578680,55.21,86.92,270.7,12.25,31.58,None
2025-05-22T15:34:27.082769,58.07,87.56,266.35,12.17,31.57,None
2025-05-22T15:34:27.584287,63.37,87.44,269.46,12.55,31.56,None
2025-05-22T15:34:28.086283,67.47,87.3,271.61,12.42,31.55,None
2025-05-22T15:34:28.588047,67.78,88.08,277.46,12.25,31.54,None
2025-05-22T15:34:29.089530,71.78,88.77,283.11,12.47,31.53,None
2025-05-22T15:34:29.595021,76.41,88.67,278.49,12.33,31.52,None
2025-05-22T15:34:30.099025,81.19,88.39,276.34,12.4,31.51,None
2025-05-22T15:34:30.603452,81.13,88.97,280.57,12.39,31.5,None
2025-05-22T15:34:31.106215,81.23,89.74,283.94,12.36,31.49,None
2025-05-22T15:34:31.611684,85.94,90.08,290.35,12.49,31.48,None
2025-05-22T15:34:32.116375,80.83,89.81,290.38,12.4,31.47,None
2025-05-22T15:34:32.621262,79.87,89.83,295.11,12.4,31.46,None
2025-05-22T15:34:33.126405,79.55,89.43,292.94,12.26,31.45,None
2025-05-22T15:34:33.631704,79.66,89.12,290.26,12.23,31.44,None
2025-05-22T15:34:34.134733,73.29,88.8,287.81,12.22,31.43,None
2025-05-22T15:34:34.638747,70.83,89.24,291.15,12.38,31.42,None
2025-05-22T15:34:35.142284,63.3,89.14,292.11,12.45,31.41,None
2025-05-22T15:34:35.645081,55.15,89.15,289.16,12.59,31.4,None
2025-05-22T15:34:36.147095,46.4,89.16,292.4,12.2,31.39,None
2025-05-22T15:34:36.651239,43.9,89.91,291.35,12.38,31.38,None
2025-05-22T15:34:37.155049,42.46,89.53,292.22,12.44,31.37,None
2025-05-22T15:34:37.660821,38.99,89.56,288.36,12.4,31.36,None
2025-05-22T15:34:38.161806,48.79,89.35,293.03,12.35,31.35,None
2025-05-22T15:34:38.663989,47.01,89.42,296.2,12.37,31.34,None
2025-05-22T15:34:39.169640,37.29,89.26,295.31,12.34,31.33,None
2025-05-22T15:34:39.674311,39.66,88.96,283.69,12.39,31.32,None
2025-05-22T15:34:40.178448,35.65,88.77,270.87,12.49,31.31,None
2025-05-22T15:34:40.681994,34.53,89.61,268.09,12.54,31.3,None
2025-05-22T15:34:41.183678,29.65,89.94,260.57,12.37,31.29,None
2025-05-22T15:34:41.686849,24.87,90.05,254.57,12.5,31.28,None
2025-05-22T15:34:42.190941,30.12,89.59,258.27,12.23,31.27,None
2025-05-22T15:34:42.696418,29.1,89.68,255.99,12.28,31.26,None
2025-05-22T15:34:43.202153,29.79,89.5,260.04,12.27,31.25,None
2025-05-22T15:34:43.706883,28.22,89.33,268.03,12.41,31.24,None
2025-05-22T15:34:44.211807,21.9,89.17,268.79,12.54,31.23,None
2025-05-22T15:34:44.717374,23.45,88.74,270.49,12.41,31.22,None
2025-05-22T15:34:45.219620,27.53,89.43,260.69,12.57,31.21,None
2025-05-22T15:34:45.720664,18.48,88.98,255.91,12.38,31.2,None
2025-05-22T15:34:46.222772,13.53,88.49,257.53,12.59,31.19,None
2025-05-22T15:34:46.724426,23.23,88.07,254.99,12.25,31.18,None
2025-05-22T15:34:47.228433,23.77,88.69,247.83,12.34,31.17,None
2025-05-22T15:34:47.731561,19.52,88.3,252.77,12.46,31.16,None
2025-05-22T15:34:48.235701,19.01,87.94,246.47,12.34,31.15,None
2025-05-22T15:34:48.741282,21.25,87.53,251.9,12.37,31.14,None
2025-05-22T15:34:49.245310,31.02,87.27,249.76,12.41,31.13,None
2025-05-22T15:34:49.747720,33.4,86.93,251.99,12.53,31.12,None
2025-05-22T15:34:50.252726,35.88,86.72,252.33,12.2,31.11,None
2025-05-22T15:34:50.758484,36.23,86.28,256.01,12.33,31.1,None
2025-05-22T15:34:51.260425,33.53,85.99,255.58,12.4,31.09,None
2025-05-22T15:34:51.761803,34.51,86.04,254.47,12.37,31.08,None
2025-05-22T15:34:52.264692,39.5,85.56,253.44,12.39,31.07,None
2025-05-22T15:34:52.765516,43.18,85.14,253.57,12.44,31.06,None
2025-05-22T15:34:53.268373,47.4,85.98,261.7,12.33,31.05,None
2025-05-22T15:34:53.770600,50.08,86.53,266.19,12.5,31.04,None
2025-05-22T15:34:54.276320,44.72,86.39,266.54,12.49,31.03,None
2025-05-22T15:34:54.778351,47.51,86.71,261.65,12.52,31.02,None
2025-05-22T15:34:55.282036,46.68,86.76,274.32,12.42,31.01,None
2025-05-22T15:34:55.787761,45.39,86.33,270.3,12.47,31.0,None
2025-05-22T15:34:56.290955,44.88,86.13,266.47,12.29,30.99,None
2025-05-22T15:34:56.794854,42.44,85.86,268.25,12.32,30.98,None
2025-05-22T15:34:57.298908,34.52,85.93,267.99,12.42,30.97,None
2025-05-22T15:34:57.803943,33.25,85.49,263.67,12.26,30.96,None
2025-05-22T15:34:58.307816,32.8,86.36,265.81,12.26,30.95,None
2025-05-22T15:34:58.810510,34.19,86.27,260.52,12.39,30.94,None
2025-05-22T15:34:59.311626,38.06,86.13,258.38,12.5,30.93,None
2025-05-22T15:34:59.817345,34.51,86.02,255.38,12.38,30.92,None
2025-05-22T15:35:00.323172,39.2,86.86,258.21,12.53,30.91,None
2025-05-22T15:35:00.824704,33.75,86.65,262.1,12.48,30.9,None
2025-05-22T15:35:01.326279,29.87,86.16,265.68,12.49,30.89,None
2025-05-22T15:35:01.826831,29.9,86.76,274.29,12.44,30.88,None
2025-05-22T15:35:02.330914,27.93,86.58,288.67,12.38,30.87,None
2025-05-22T15:35:02.833155,35.41,86.08,290.49,12.3,30.86,None
2025-05-22T15:37:28.417813,42.77,89.57,253.37,12.39,31.99,None
2025-05-22T15:37:28.921880,48.12,89.27,254.65,12.41,31.98,None
2025-05-22T15:37:29.425097,57.34,89.34,259.15,12.46,31.97,None
2025-05-22T15:37:29.929256,52.46,89.72,266.28,12.47,31.96,None
2025-05-22T15:37:30.430680,48.56,89.94,265.38,12.45,31.95,None
2025-05-22T15:37:30.936407,44.29,89.55,267.86,12.26,31.94,None
2025-05-22T15:37:31.437604,45.52,89.78,269.37,12.24,31.93,None
2025-05-22T15:37:31.942998,39.65,89.62,273.97,12.46,31.92,None
2025-05-22T15:37:32.443770,40.32,89.85,265.71,12.37,31.91,None
2025-05-22T15:39:46.870007,58.63,89.82,253.69,12.51,31.99,None
2025-05-22T15:39:47.376751,62.77,90.24,261.29,12.59,31.98,None
2025-05-22T15:39:47.879526,61.78,89.86,260.78,12.56,31.97,None
2025-05-22T15:39:48.383254,60.17,89.83,262.22,12.39,31.96,None
2025-05-22T15:39:48.886842,58.85,89.98,259.24,12.52,31.95,None
2025-05-22T15:39:49.389626,67.24,89.88,256.76,12.42,31.94,None
2025-05-22T15:39:49.893838,71.21,89.83,258.6,12.41,31.93,None
2025-05-22T15:39:50.397269,79.18,89.71,259.87,12.43,31.92,None
2025-05-22T15:39:50.902943,83.91,90.01,267.05,12.41,31.91,None
2025-05-22T15:39:51.408163,85.69,89.94,252.41,12.35,31.9,None
2025-05-22T15:39:51.910229,89.83,90.07,260.16,12.41,31.89,None
2025-05-22T15:39:52.413197,88.78,89.6,256.52,12.41,31.88,None
2025-05-22T15:39:52.919544,84.89,89.65,254.78,12.59,31.87,None
2025-05-22T15:39:53.424931,88.52,89.39,251.84,12.67,31.86,None
2025-05-22T15:39:53.929935,87.57,89.82,248.73,12.36,31.85,None
2025-05-22T15:39:54.432203,91.45,90.29,240.12,12.43,31.84,None
2025-05-22T15:39:54.937941,84.22,89.93,241.59,12.48,31.83,None
2025-05-22T15:39:55.442691,81.74,89.5,243.36,12.33,31.82,None
2025-05-22T15:39:55.945600,80.35,89.97,247.28,12.51,31.81,None
2025-05-22T15:39:56.448289,79.78,89.55,245.79,12.41,31.8,None
2025-05-22T15:39:56.954035,76.39,89.72,254.46,12.47,31.79,None
2025-05-22T15:39:57.456732,73.12,90.14,245.79,12.39,31.78,None
2025-05-22T15:39:57.961119,64.77,89.66,246.43,12.41,31.77,None
2025-05-22T15:39:58.462136,69.01,89.72,240.03,12.62,31.76,None
2025-05-22T15:39:58.964128,61.81,89.68,242.26,12.51,31.75,None
2025-05-22T15:39:59.464880,66.62,89.51,239.62,12.49,31.74,None
2025-05-22T15:39:59.968112,70.74,89.75,245.56,12.39,31.73,None
2025-05-22T15:40:00.472381,67.34,89.77,239.14,12.5,31.72,None
2025-05-22T15:40:00.977340,61.52,89.71,235.9,12.24,31.71,None
2025-05-22T16:02:44.537868,51.83,90.2,248.07,12.5,31.99,None
2025-05-22T16:02:45.039272,51.6,89.92,247.55,12.38,31.98,None
2025-05-22T16:02:45.541298,41.62,89.88,245.97,12.42,31.97,None
2025-05-22T16:02:46.042702,51.39,89.6,242.86,12.51,31.96,None
2025-05-22T16:02:46.546907,46.8,89.82,247.57,12.25,31.95,None
2025-05-22T16:02:47.047509,43.55,89.83,239.66,12.25,31.94,None
2025-05-22T16:02:47.548793,43.33,90.21,240.99,12.41,31.93,None
2025-05-22T16:02:48.050086,46.12,89.82,243.36,12.36,31.92,None
2025-05-22T16:02:48.550629,53.91,89.68,238.39,12.41,31.91,None
2025-05-22T16:02:49.051175,52.36,89.25,251.32,12.34,31.9,None
2025-05-22T16:02:49.555324,56.66,88.92,266.17,12.4,31.89,None
2025-05-22T16:02:50.055796,60.81,88.45,274.0,12.48,31.88,None
2025-05-22T16:02:50.559724,60.38,88.11,273.85,12.15,31.87,None
2025-05-22T16:02:51.062012,63.96,88.08,285.71,12.52,31.86,None
2025-05-22T16:02:51.567076,63.17,87.85,276.57,12.51,31.85,None
2025-05-22T16:02:52.071403,67.16,87.83,280.86,12.36,31.84,None
2025-05-22T16:02:52.575044,63.0,87.6,285.07,12.37,31.83,None
2025-05-22T16:02:53.077659,54.66,87.29,287.91,12.39,31.82,None
2025-05-22T16:02:53.580899,46.78,86.92,292.01,12.43,31.81,None
2025-05-22T16:02:54.085495,42.4,86.62,289.63,12.53,31.8,None
2025-05-22T16:02:54.586370,44.45,86.39,287.3,12.51,31.79,None
2025-05-22T16:02:55.091356,45.7,86.13,285.62,12.51,31.78,None
2025-05-22T16:02:55.596018,41.38,85.94,282.07,12.41,31.77,None
2025-05-22T16:02:56.100823,41.83,85.87,285.41,12.38,31.76,None
2025-05-22T16:02:56.602136,37.1,86.24,276.45,12.42,31.75,None
2025-05-22T16:02:57.103333,41.15,87.08,275.14,12.32,31.74,None
2025-05-22T16:02:57.604336,40.19,87.04,267.74,12.18,31.73,None
2025-05-22T16:02:58.104918,44.74,87.6,274.1,12.32,31.72,None
2025-05-22T16:02:58.608846,48.98,87.99,283.54,12.48,31.71,None
2025-05-22T16:02:59.111881,47.08,89.85,282.96,12.34,31.7,None
2025-05-22T16:02:59.615429,42.1,89.79,279.2,12.3,31.69,None
2025-05-22T16:03:00.117075,45.6,89.36,275.21,12.21,31.68,None
2025-05-22T16:03:00.621079,42.68,88.9,275.8,12.47,31.67,None
2025-05-22T16:03:01.121884,47.39,88.58,276.25,12.47,31.66,None
2025-05-22T16:03:01.624323,50.01,88.56,274.32,12.47,31.65,None
2025-05-22T16:03:02.126245,41.76,88.53,277.14,12.32,31.64,None
2025-05-22T16:03:02.630580,35.93,88.45,278.68,12.32,31.63,None
2025-05-22T16:03:03.131899,42.68,88.14,282.76,12.47,31.62,None
2025-05-22T16:03:03.635573,49.29,87.9,285.87,12.61,31.61,None
2025-05-22T16:03:04.141354,45.25,87.59,296.42,12.48,31.6,None
2025-05-22T16:03:04.645916,50.19,88.26,305.02,12.36,31.59,None
2025-05-22T16:03:05.150980,48.9,87.99,309.41,12.39,31.58,None
2025-05-22T16:03:05.653818,40.53,87.65,313.63,12.45,31.57,None
2025-05-22T16:03:06.156157,39.49,87.62,313.46,12.49,31.56,None
2025-05-22T16:03:06.660528,35.58,88.16,306.67,12.36,31.55,None
2025-05-22T16:03:07.165167,39.31,87.8,307.07,12.37,31.54,None
2025-05-22T16:03:07.668493,40.66,88.27,314.61,12.37,31.53,None
2025-05-22T16:03:08.169433,36.01,88.23,316.75,12.29,31.52,None
2025-05-22T16:03:08.675255,35.59,88.85,321.75,12.44,31.51,None
2025-05-22T16:03:09.177776,32.98,88.92,325.11,12.47,31.5,None
2025-05-22T16:03:09.680008,42.36,88.81,322.14,12.41,31.49,None
2025-05-22T16:03:10.180516,37.99,88.65,321.83,12.61,31.48,None
2025-05-22T16:03:10.685714,41.77,88.3,311.94,12.31,31.47,None
2025-05-22T16:03:11.191177,38.23,88.15,311.58,12.41,31.46,None
2025-05-22T16:03:11.693352,37.76,88.99,303.32,12.35,31.45,None
2025-05-22T16:03:12.197070,39.49,89.4,298.97,12.24,31.44,None
2025-05-22T16:03:12.700957,34.83,89.16,303.66,12.47,31.43,None
2025-05-22T16:03:13.204349,34.22,89.15,301.67,12.5,31.42,None
2025-05-22T16:03:13.707347,38.8,90.0,304.99,12.24,31.41,None
2025-05-22T16:03:14.210790,39.03,89.55,309.87,12.41,31.4,None
2025-05-22T16:03:14.716568,40.86,89.75,305.64,12.5,31.39,None
2025-05-22T16:03:15.219834,42.32,89.32,313.39,12.47,31.38,None
2025-05-22T16:03:15.720614,47.45,88.84,312.36,12.42,31.37,None
2025-05-22T16:03:16.222365,37.54,88.66,311.97,12.41,31.36,None
2025-05-22T16:03:16.723167,47.1,88.34,312.86,12.5,31.35,None
2025-05-22T16:03:17.227477,42.47,88.0,316.97,12.3,31.34,None
2025-05-22T16:03:17.728097,43.93,87.75,313.85,12.42,31.33,None
2025-05-22T16:03:18.230517,50.07,87.52,317.89,12.46,31.32,None
2025-05-22T16:03:18.734096,54.26,87.5,315.44,12.39,31.31,None
2025-05-22T16:03:19.239828,49.73,87.12,317.81,12.63,31.3,None
2025-05-22T16:03:19.743416,57.92,86.71,314.66,12.47,31.29,None
2025-05-22T16:03:20.247723,53.33,87.53,311.1,12.38,31.28,None
2025-05-22T16:03:20.751571,50.7,87.43,308.87,12.49,31.27,None
2025-05-22T16:03:21.253471,55.47,87.09,309.67,12.37,31.26,None
2025-05-22T16:03:21.757193,61.48,86.66,308.11,12.19,31.25,None
2025-05-22T16:03:22.261818,59.27,86.39,313.79,12.42,31.24,None
2025-05-22T16:03:22.763348,59.85,86.75,319.96,12.39,31.23,None
2025-05-22T16:03:23.267844,63.44,87.44,318.02,12.48,31.22,None
2025-05-22T16:03:23.771038,60.88,86.98,320.61,12.3,31.21,None
2025-05-22T16:03:24.276330,55.53,86.93,321.07,12.35,31.2,None
2025-05-22T16:03:24.777691,63.49,86.53,316.16,12.3,31.19,None
2025-05-22T16:03:25.283233,62.31,87.02,315.37,12.32,31.18,None
2025-05-22T16:03:25.787061,60.55,87.92,314.99,12.34,31.17,None
2025-05-22T16:03:26.292791,59.5,88.7,324.16,12.33,31.16,None
2025-05-22T16:03:26.797376,60.0,90.44,325.08,12.56,31.15,None
2025-05-22T16:03:27.301246,65.77,89.71,327.31,12.45,31.14,None
2025-05-22T16:03:27.805578,70.69,91.21,327.22,12.34,31.13,None
2025-05-22T16:03:28.309113,70.92,90.54,322.57,12.21,31.12,None
2025-05-22T16:03:28.809718,70.63,89.72,321.39,12.45,31.11,None
2025-05-22T16:03:29.314447,65.83,89.6,315.69,12.34,31.1,None
2025-05-22T16:03:29.818821,66.63,90.02,323.64,12.5,31.09,None
2025-05-22T16:03:30.320674,75.48,89.75,323.71,12.3,31.08,None
2025-05-22T16:03:30.824331,78.23,89.75,329.58,12.31,31.07,None
2025-05-22T16:03:31.329030,85.29,89.66,330.28,12.47,31.06,None
2025-05-22T16:03:31.833635,80.06,89.66,334.59,12.4,31.05,None
2025-05-22T16:03:32.338908,87.35,89.34,336.0,12.28,31.04,None
2025-05-22T16:03:32.841726,90.83,89.11,336.59,12.45,31.03,None
2025-05-22T16:03:33.346064,90.76,88.98,351.08,12.38,31.02,None
2025-05-22T16:03:33.847295,92.86,88.68,345.94,12.42,31.01,None
2025-05-22T16:03:34.348585,99.27,88.43,345.24,12.5,31.0,None
2025-05-22T16:03:34.849285,97.66,88.99,348.66,12.52,30.99,None
2025-05-22T16:03:35.352811,90.0,88.54,349.09,12.36,30.98,None
2025-05-22T16:03:35.856175,95.32,88.1,347.7,12.17,30.97,None
2025-05-22T16:03:36.357963,93.29,87.86,345.78,12.51,30.96,None
2025-05-22T16:03:36.858507,95.83,88.26,350.69,12.36,30.95,None
2025-05-22T16:03:37.359530,94.27,88.21,348.02,12.25,30.94,None
2025-05-22T16:03:37.862253,93.91,87.73,343.29,12.48,30.93,None
2025-05-22T16:03:38.364367,95.6,87.58,348.21,12.37,30.92,None
2025-05-22T16:03:38.868563,98.73,87.41,336.14,12.38,30.91,None
2025-05-22T16:03:39.372482,95.38,86.91,337.67,12.39,30.9,None
2025-05-22T16:03:39.873680,99.21,86.79,334.1,12.47,30.89,None
2025-05-22T16:03:40.377380,92.36,86.43,331.77,12.19,30.88,None
2025-05-22T16:03:40.881319,92.96,86.87,336.21,12.48,30.87,None
2025-05-22T16:03:41.383351,99.22,86.71,333.42,12.52,30.86,None
2025-05-22T16:03:41.888039,105.54,86.8,336.79,12.32,30.85,None
2025-05-22T16:03:42.391743,105.49,87.19,330.27,12.32,30.84,None
2025-05-22T16:03:42.894633,105.83,86.74,332.93,12.23,30.83,None
2025-05-22T16:03:43.395241,100.42,86.39,328.54,12.38,30.82,None
2025-05-22T16:03:43.899631,100.98,86.21,331.52,12.58,30.81,None
2025-05-22T16:03:44.401537,101.09,86.91,330.15,12.48,30.8,None
2025-05-22T16:03:44.905692,100.64,86.67,338.77,12.42,30.79,None
2025-05-22T16:03:54.811932,48.67,89.88,247.08,12.35,28.99,‚ö†Ô∏è Tire Pressure Low
2025-05-22T16:03:55.317263,41.52,89.69,249.5,12.27,28.98,‚ö†Ô∏è Tire Pressure Low
2025-05-22T16:03:55.821557,43.07,89.34,252.05,12.42,28.97,‚ö†Ô∏è Tire Pressure Low
2025-05-22T16:03:56.322504,44.36,89.77,242.6,12.23,28.96,‚ö†Ô∏è Tire Pressure Low
2025-05-22T16:03:56.824211,53.94,89.64,243.71,12.46,28.95,‚ö†Ô∏è Tire Pressure Low
2025-05-22T16:03:57.327197,56.49,89.76,249.52,12.55,28.94,‚ö†Ô∏è Tire Pressure Low
2025-05-22T16:03:57.832057,53.84,89.42,259.0,12.54,28.93,‚ö†Ô∏è Tire Pressure Low
2025-05-22T16:03:58.336649,58.28,89.67,255.86,12.4,28.92,‚ö†Ô∏è Tire Pressure Low
2025-05-22T16:03:58.841253,62.32,89.28,258.3,12.62,28.91,‚ö†Ô∏è Tire Pressure Low
2025-05-22T16:03:59.342517,62.96,90.0,261.02,12.11,28.9,‚ö†Ô∏è Tire Pressure Low
2025-05-22T16:03:59.845835,67.79,90.34,253.61,12.35,28.89,‚ö†Ô∏è Tire Pressure Low
2025-05-22T16:04:00.349721,72.65,89.98,252.91,12.33,28.88,‚ö†Ô∏è Tire Pressure Low
2025-05-22T16:04:00.852716,77.65,89.8,252.07,12.28,28.87,‚ö†Ô∏è Tire Pressure Low
2025-05-22T16:04:01.356823,77.34,90.23,249.07,12.35,28.86,‚ö†Ô∏è Tire Pressure Low
2025-05-22T16:04:01.859322,84.38,89.77,249.17,12.54,28.85,‚ö†Ô∏è Tire Pressure Low
2025-05-22T16:04:02.362000,91.56,89.68,246.36,12.65,28.84,‚ö†Ô∏è Tire Pressure Low
2025-05-22T16:04:02.865714,93.68,89.99,244.22,12.38,28.83,‚ö†Ô∏è Tire Pressure Low
2025-05-22T16:04:03.366353,98.32,90.37,246.86,12.48,28.82,‚ö†Ô∏è Tire Pressure Low
2025-05-22T16:04:03.870319,92.52,89.69,246.51,12.42,28.81,‚ö†Ô∏è Tire Pressure Low
2025-05-22T16:04:04.374432,94.59,89.78,252.82,12.45,28.8,‚ö†Ô∏è Tire Pressure Low
2025-05-22T16:04:04.875598,100.81,89.46,247.96,12.4,28.79,‚ö†Ô∏è Tire Pressure Low
2025-05-22T16:04:06.607670,52.54,89.99,239.4,12.41,29.99,‚ö†Ô∏è Tire Pressure Low
2025-05-22T16:04:07.111293,48.93,90.09,242.88,12.31,29.98,‚ö†Ô∏è Tire Pressure Low
2025-05-22T16:04:07.617129,52.33,89.61,238.59,12.26,29.97,‚ö†Ô∏è Tire Pressure Low
2025-05-22T16:04:08.122703,49.24,89.92,247.74,12.44,29.96,‚ö†Ô∏è Tire Pressure Low
2025-05-22T16:04:08.627173,51.44,89.84,244.46,12.5,29.95,‚ö†Ô∏è Tire Pressure Low
2025-05-22T16:04:09.128736,55.32,90.18,244.46,12.3,29.94,‚ö†Ô∏è Tire Pressure Low
2025-05-22T16:04:09.629434,56.9,89.8,234.22,12.37,29.93,‚ö†Ô∏è Tire Pressure Low
2025-05-22T16:04:10.132779,50.27,89.76,231.71,12.43,29.92,‚ö†Ô∏è Tire Pressure Low
2025-05-22T16:04:10.645777,46.45,90.07,236.39,12.39,29.91,‚ö†Ô∏è Tire Pressure Low
2025-05-22T16:04:11.151352,43.29,90.21,242.89,12.41,29.9,‚ö†Ô∏è Tire Pressure Low
2025-05-22T16:04:11.655426,44.29,92.19,245.77,12.36,29.89,‚ö†Ô∏è Tire Pressure Low
2025-05-22T16:04:12.159057,54.04,91.66,243.52,12.08,29.88,‚ö†Ô∏è Tire Pressure Low
2025-05-22T16:04:12.663272,56.32,91.08,253.49,12.36,29.87,‚ö†Ô∏è Tire Pressure Low
2025-05-22T16:04:13.167799,48.48,90.6,252.96,12.32,29.86,‚ö†Ô∏è Tire Pressure Low
2025-05-22T16:04:13.669516,44.84,89.72,257.24,12.48,29.85,‚ö†Ô∏è Tire Pressure Low
2025-05-22T16:04:14.170344,52.3,89.56,255.52,12.36,29.84,‚ö†Ô∏è Tire Pressure Low
2025-05-22T16:04:14.674880,55.81,89.97,262.55,12.67,29.83,‚ö†Ô∏è Tire Pressure Low
2025-05-22T16:04:15.176004,55.46,89.99,254.95,12.28,29.82,‚ö†Ô∏è Tire Pressure Low
2025-05-22T16:04:15.678396,55.12,89.82,255.29,12.43,29.81,‚ö†Ô∏è Tire Pressure Low
2025-05-22T16:04:16.181804,52.24,90.28,245.32,12.3,29.8,‚ö†Ô∏è Tire Pressure Low
2025-05-22T16:04:16.686519,55.43,89.96,241.51,12.35,29.79,‚ö†Ô∏è Tire Pressure Low
2025-05-22T16:04:17.191105,56.36,89.75,233.72,12.45,29.78,‚ö†Ô∏è Tire Pressure Low
2025-05-22T16:04:17.694900,63.92,89.31,233.73,12.58,29.77,‚ö†Ô∏è Tire Pressure Low
2025-05-22T16:04:18.196389,62.74,88.93,238.09,12.33,29.76,‚ö†Ô∏è Tire Pressure Low
2025-05-22T16:04:18.700911,64.81,89.25,243.11,12.47,29.75,‚ö†Ô∏è Tire Pressure Low
2025-05-22T16:04:19.205911,69.74,89.05,252.42,12.53,29.74,‚ö†Ô∏è Tire Pressure Low
2025-05-22T16:04:19.707466,73.38,89.1,254.24,12.25,29.73,‚ö†Ô∏è Tire Pressure Low
2025-05-22T16:04:20.208348,75.0,89.13,252.37,12.49,29.72,‚ö†Ô∏è Tire Pressure Low
2025-05-22T16:04:20.710658,77.23,89.91,259.42,12.22,29.71,‚ö†Ô∏è Tire Pressure Low
2025-05-22T16:04:21.211683,78.18,89.88,263.7,12.37,29.7,‚ö†Ô∏è Tire Pressure Low
2025-05-22T16:04:21.712504,74.09,90.3,261.67,12.25,29.69,‚ö†Ô∏è Tire Pressure Low
2025-05-22T16:04:22.216631,69.62,90.33,254.24,12.25,29.68,‚ö†Ô∏è Tire Pressure Low
2025-05-22T16:04:22.720872,66.25,90.64,260.91,12.33,29.67,‚ö†Ô∏è Tire Pressure Low
2025-05-22T16:04:23.225904,57.04,90.22,262.14,12.31,29.66,‚ö†Ô∏è Tire Pressure Low
2025-05-22T16:04:23.730409,57.75,90.61,258.78,12.51,29.65,‚ö†Ô∏è Tire Pressure Low
2025-05-22T16:04:24.231667,61.27,90.19,244.05,12.19,29.64,‚ö†Ô∏è Tire Pressure Low
2025-05-22T16:04:24.732838,59.87,89.82,239.49,12.41,29.63,‚ö†Ô∏è Tire Pressure Low
2025-05-22T16:04:25.234596,52.0,89.4,237.9,12.49,29.62,‚ö†Ô∏è Tire Pressure Low
2025-05-22T16:04:25.738536,49.82,89.29,241.25,12.28,29.61,‚ö†Ô∏è Tire Pressure Low
2025-05-22T16:04:26.243507,47.37,89.8,241.15,12.46,29.6,‚ö†Ô∏è Tire Pressure Low
2025-05-22T16:04:26.744221,43.16,89.52,237.19,12.42,29.59,‚ö†Ô∏è Tire Pressure Low
2025-05-22T16:04:27.249941,41.28,89.99,232.57,12.24,29.58,‚ö†Ô∏è Tire Pressure Low
2025-05-22T16:04:27.755679,36.63,89.86,236.43,12.38,29.57,‚ö†Ô∏è Tire Pressure Low
2025-05-22T16:04:28.261112,40.03,89.95,239.71,12.44,29.56,‚ö†Ô∏è Tire Pressure Low
2025-05-22T16:04:28.765381,38.0,90.26,234.0,12.25,29.55,‚ö†Ô∏è Tire Pressure Low
2025-05-22T16:04:29.271064,35.81,89.92,233.07,12.22,29.54,‚ö†Ô∏è Tire Pressure Low
2025-05-22T16:04:29.773106,31.36,89.51,235.6,12.4,29.53,‚ö†Ô∏è Tire Pressure Low
2025-05-22T16:04:30.277871,40.29,89.2,236.11,12.35,29.52,‚ö†Ô∏è Tire Pressure Low
2025-05-22T16:04:30.779438,39.39,89.76,233.47,12.35,29.51,‚ö†Ô∏è Tire Pressure Low
2025-05-22T16:04:31.283360,39.8,89.83,245.35,12.43,29.5,‚ö†Ô∏è Tire Pressure Low
2025-05-22T16:04:31.787603,43.63,89.74,235.77,12.3,29.49,‚ö†Ô∏è Tire Pressure Low
2025-05-22T16:04:32.290106,45.99,89.84,237.76,12.46,29.48,‚ö†Ô∏è Tire Pressure Low
2025-05-22T16:04:32.791338,42.01,90.18,229.76,12.27,29.47,‚ö†Ô∏è Tire Pressure Low
2025-05-22T16:04:33.296998,45.61,89.68,229.37,12.24,29.46,‚ö†Ô∏è Tire Pressure Low
2025-05-22T16:04:33.801007,42.4,89.23,226.47,12.36,29.45,‚ö†Ô∏è Tire Pressure Low
2025-05-22T16:04:34.301836,38.48,88.85,212.53,12.59,29.44,‚ö†Ô∏è Tire Pressure Low
2025-05-22T16:04:34.805519,46.89,88.61,209.29,12.34,29.43,‚ö†Ô∏è Tire Pressure Low
2025-05-22T16:04:35.309044,39.48,88.58,206.39,12.31,29.42,‚ö†Ô∏è Tire Pressure Low
2025-05-22T16:04:35.810064,39.33,88.32,201.76,12.47,29.41,‚ö†Ô∏è Tire Pressure Low
2025-05-22T16:04:48.271914,50.73,89.79,253.1,12.36,30.99,None
2025-05-22T16:04:48.775408,55.58,89.9,243.66,12.45,30.98,None
2025-05-22T16:04:49.276244,51.59,89.72,245.61,12.5,30.97,None
2025-05-22T16:04:49.778942,48.6,89.71,254.8,12.54,30.96,None
2025-05-22T16:04:50.282190,53.94,89.23,258.79,12.61,30.95,None
2025-05-22T16:04:50.800572,59.85,89.2,263.22,12.43,30.94,None
2025-05-22T16:04:51.301393,55.04,89.26,260.73,12.36,30.93,None
2025-05-22T16:04:51.805020,57.81,89.73,261.28,12.2,30.92,None
2025-05-22T16:04:52.310885,54.14,89.83,267.58,12.38,30.91,None
2025-05-22T16:04:52.815617,49.47,89.9,264.34,12.52,30.9,None
2025-05-22T16:04:53.316574,47.29,89.87,277.22,12.28,30.89,None
2025-05-22T16:04:53.820310,43.21,89.51,289.1,12.28,30.88,None
2025-05-22T16:04:54.323333,40.53,89.08,288.31,12.27,30.87,None
2025-05-22T16:04:54.825681,44.37,89.53,281.83,12.21,30.86,None
2025-05-22T16:04:55.329386,42.37,89.69,276.97,12.54,30.85,None
2025-05-22T16:04:55.833317,41.48,89.68,273.05,12.35,30.84,None
2025-05-22T16:04:56.335831,32.87,89.73,273.86,12.59,30.83,None
2025-05-22T16:04:56.838286,34.22,89.42,270.4,12.37,30.82,None
2025-05-22T16:04:57.341094,29.64,89.05,265.57,12.44,30.81,None
2025-05-22T16:04:57.845943,31.72,88.78,269.22,12.43,30.8,None
2025-05-22T16:04:58.348430,38.74,88.29,267.83,12.27,30.79,None
2025-05-22T16:04:58.852532,36.28,88.33,281.69,12.31,30.78,None
2025-05-22T16:04:59.355702,32.42,88.37,274.07,12.54,30.77,None
2025-05-22T16:04:59.858921,34.72,88.41,275.71,12.32,30.76,None
2025-05-22T16:05:00.360541,28.57,87.99,273.68,12.45,30.75,None
2025-05-22T16:05:00.861305,22.86,87.99,275.09,12.2,30.74,None
2025-05-22T16:05:01.363086,26.08,87.65,272.92,12.51,30.73,None
2025-05-22T16:05:01.863884,16.75,87.32,269.88,12.52,30.72,None
2025-05-22T16:05:02.368315,20.02,87.28,277.41,12.4,30.71,None
2025-05-22T16:05:02.868929,23.27,87.05,278.95,12.44,30.7,None
2025-05-22T16:05:03.373079,14.62,87.0,274.4,12.43,30.69,None
2025-05-22T16:05:03.878413,20.67,86.79,273.01,12.39,30.68,None
2025-05-22T16:05:04.383857,24.28,86.78,268.95,12.4,30.67,None
2025-05-22T16:05:04.885472,19.41,86.72,271.77,12.47,30.66,None
2025-05-22T16:05:05.391087,27.42,86.48,271.22,12.53,30.65,None
2025-05-22T16:05:05.895246,26.44,86.03,275.68,12.44,30.64,None
2025-05-22T16:05:06.397896,24.46,85.67,273.44,12.34,30.63,None
2025-05-22T16:05:06.900915,29.05,86.48,280.54,12.43,30.62,None
2025-05-22T16:05:07.403042,30.1,86.08,281.59,12.5,30.61,None
2025-05-22T16:05:07.906578,29.64,85.78,283.06,12.55,30.6,None
2025-05-22T16:05:08.410332,28.43,85.62,285.89,12.58,30.59,None
2025-05-22T16:05:08.910805,30.24,85.29,297.02,12.44,30.58,None
2025-05-22T16:05:10.398461,97.57,90.44,252.37,12.45,30.99,None
2025-05-22T16:05:10.901941,97.23,89.74,256.08,12.45,30.98,None
2025-05-22T16:05:11.405752,104.3,89.54,252.3,12.29,30.97,None
2025-05-22T16:05:11.907458,108.0,89.14,247.54,12.36,30.96,None
2025-05-22T16:05:12.409517,110.68,89.52,237.77,12.48,30.95,None
2025-05-22T16:05:12.911477,110.09,89.24,237.48,12.41,30.94,None
2025-05-22T16:05:13.413318,115.09,89.25,233.14,12.34,30.93,None
2025-05-22T16:05:13.915522,112.51,89.67,241.55,12.36,30.92,None
2025-05-22T16:05:14.420342,118.17,89.31,241.2,12.41,30.91,None
2025-05-22T16:05:14.923793,122.78,89.1,241.13,12.44,30.9,üöó Overspeeding
2025-05-22T16:05:15.424913,126.67,88.71,236.16,12.24,30.89,üöó Overspeeding
2025-05-22T16:05:15.925577,136.25,88.77,232.1,12.6,30.88,üöó Overspeeding
2025-05-22T16:05:16.428704,136.55,89.66,235.74,12.47,30.87,üöó Overspeeding
2025-05-22T16:05:16.933557,139.58,89.53,227.94,12.51,30.86,üöó Overspeeding
2025-05-22T16:05:17.435244,133.9,89.13,231.1,12.41,30.85,üöó Overspeeding
2025-05-22T16:05:17.939567,130.03,89.5,224.62,12.46,30.84,üöó Overspeeding
2025-05-22T16:05:18.444353,126.16,89.2,226.67,12.24,30.83,üöó Overspeeding
2025-05-22T16:05:18.947840,123.89,89.03,230.42,12.42,30.82,üöó Overspeeding
2025-05-22T16:05:19.452907,119.35,89.12,225.48,12.44,30.81,None
2025-05-22T16:05:19.957118,123.82,89.47,224.64,12.34,30.8,üöó Overspeeding
2025-05-22T16:05:20.457686,127.31,89.49,220.36,12.34,30.79,üöó Overspeeding
2025-05-22T16:05:20.961073,124.53,89.82,229.88,12.38,30.78,üöó Overspeeding
2025-05-22T16:05:21.465149,129.48,89.68,230.07,12.47,30.77,üöó Overspeeding
2025-05-22T16:05:21.969934,125.73,89.21,237.28,12.32,30.76,üöó Overspeeding
2025-05-22T16:05:22.474249,129.28,88.91,232.54,12.37,30.75,üöó Overspeeding
2025-05-22T16:05:22.977662,133.97,88.56,237.14,12.36,30.74,üöó Overspeeding
2025-05-22T16:05:23.480048,138.39,89.34,232.2,12.26,30.73,üöó Overspeeding
2025-05-22T16:05:23.982376,133.96,89.27,234.01,12.28,30.72,üöó Overspeeding
2025-05-22T16:05:24.485512,130.35,89.23,238.46,12.41,30.71,üöó Overspeeding
2025-05-22T16:05:24.990201,122.0,88.76,243.16,12.37,30.7,üöó Overspeeding
2025-05-22T16:05:25.491038,118.31,89.56,251.84,12.43,30.69,None
2025-05-22T16:05:25.995620,115.31,89.87,243.86,12.42,30.68,None
2025-05-22T16:05:26.500256,110.65,89.89,257.62,12.53,30.67,None
2025-05-22T16:05:27.005203,109.01,89.97,259.74,12.46,30.66,None
2025-05-22T16:05:27.506430,108.58,89.95,256.68,12.07,30.65,None
2025-05-22T16:05:28.008529,106.72,89.92,251.73,12.39,30.64,None
2025-05-22T16:05:28.510836,105.07,90.03,244.88,12.34,30.63,None
2025-05-22T16:05:29.012429,108.89,89.68,240.57,12.39,30.62,None
2025-05-22T16:05:29.514331,112.87,89.27,244.98,12.55,30.61,None
2025-05-22T16:05:30.015075,113.61,89.93,242.85,12.49,30.6,None
2025-05-22T16:05:30.515849,116.19,90.15,237.28,12.53,30.59,None
2025-05-22T16:05:31.018772,108.36,89.77,238.25,12.49,30.58,None
2025-05-22T16:05:31.520400,109.18,89.3,232.53,12.24,30.57,None
